latitude,longitude,bright_ti4,scan,track,acq_date,acq_time,satellite,instrument,confidence,version,bright_ti5,frp,daynight
21.17639,74.58324,334.94,0.4,0.37,2026-08-30,830,N,VIIRS,n,2.0NRT,291.83,1.91,D
30.02923,71.74337,332.13,0.39,0.36,2026-08-30,835,N,VIIRS,l,2.0NRT,304.36,0.57,D
30.08648,71.7243,334.33,0.39,0.36,2026-08-30,835,N,VIIRS,n,2.0NRT,303.89,1.66,D
30.11638,73.26059,335.4,0.42,0.38,2026-08-30,835,N,VIIRS,l,2.0NRT,305.78,3.03,D
30.11697,73.26498,336.37,0.42,0.38,2026-08-30,835,N,VIIRS,n,2.0NRT,305.23,5.74,D
30.16407,74.51582,331.57,0.47,0.4,2026-08-30,835,N,VIIRS,l,2.0NRT,302.09,3.35,D
30.35123,73.65195,334.44,0.44,0.38,2026-08-30,835,N,VIIRS,n,2.0NRT,300.2,1.82,D
30.51386,73.90864,335.57,0.45,0.39,2026-08-30,835,N,VIIRS,n,2.0NRT,299.41,2.87,D
31.10913,74.49384,345.2,0.48,0.4,2026-08-30,835,N,VIIRS,n,2.0NRT,299.84,9.69,D
31.12675,74.30208,342.96,0.47,0.4,2026-08-30,835,N,VIIRS,n,2.0NRT,300.91,4.14,D
31.2082,73.91856,337.22,0.46,0.39,2026-08-30,835,N,VIIRS,n,2.0NRT,300.68,3.87,D
31.2118,73.91795,331.16,0.46,0.39,2026-08-30,835,N,VIIRS,n,2.0NRT,299.86,2.3,D
31.39489,72.12487,333.23,0.4,0.37,2026-08-30,835,N,VIIRS,n,2.0NRT,300.88,1.87,D
31.4235,72.12935,331.22,0.4,0.37,2026-08-30,835,N,VIIRS,n,2.0NRT,300.79,3.19,D
31.46879,72.1555,335.84,0.4,0.37,2026-08-30,835,N,VIIRS,n,2.0NRT,301.51,3.6,D
31.56918,72.22474,334.87,0.41,0.37,2026-08-30,835,N,VIIRS,n,2.0NRT,302.29,2.25,D
31.56943,72.27724,340.52,0.41,0.37,2026-08-30,835,N,VIIRS,n,2.0NRT,301.32,1.98,D
31.58139,72.28816,337.8,0.41,0.37,2026-08-30,835,N,VIIRS,n,2.0NRT,299.58,2.12,D
32.05318,73.38254,337.5,0.44,0.39,2026-08-30,835,N,VIIRS,n,2.0NRT,301.33,3.08,D
32.09223,73.23719,330.89,0.44,0.38,2026-08-30,835,N,VIIRS,n,2.0NRT,299.99,2.2,D
32.30693,73.28819,337.47,0.44,0.38,2026-08-30,835,N,VIIRS,n,2.0NRT,297.34,3.64,D
32.8883,71.61584,331.99,0.4,0.37,2026-08-30,835,N,VIIRS,l,2.0NRT,303.18,1.77,D
33.84936,72.20547,340.8,0.42,0.38,2026-08-30,835,N,VIIRS,n,2.0NRT,297.4,3.38,D
31.61482,74.37532,311.52,0.39,0.36,2026-08-30,2055,N,VIIRS,n,2.0NRT,295.45,0.61,N
31.64126,74.42704,308.12,0.39,0.36,2026-08-30,2055,N,VIIRS,n,2.0NRT,295.23,0.49,N
31.769,70.10805,312.33,0.55,0.43,2026-08-30,2055,N,VIIRS,n,2.0NRT,295.54,4.57,N
32.0868,74.16059,315.49,0.39,0.36,2026-08-30,2055,N,VIIRS,n,2.0NRT,294.79,2.11,N
32.08741,74.15643,308.49,0.39,0.36,2026-08-30,2055,N,VIIRS,n,2.0NRT,294.49,0.65,N
32.13232,74.17843,312.92,0.39,0.36,2026-08-30,2055,N,VIIRS,n,2.0NRT,295.18,0.79,N
32.57351,72.56357,309.26,0.44,0.38,2026-08-30,2055,N,VIIRS,n,2.0NRT,294.88,4.1,N
32.64409,72.9769,307.1,0.42,0.38,2026-08-30,2055,N,VIIRS,n,2.0NRT,293.7,1.59,N
32.88999,71.6175,308.91,0.48,0.4,2026-08-30,2055,N,VIIRS,n,2.0NRT,293.74,3.33,N
33.29611,71.18341,310.8,0.51,0.41,2026-08-30,2055,N,VIIRS,n,2.0NRT,293.05,0.8,N
33.29622,71.18803,306.97,0.51,0.41,2026-08-30,2055,N,VIIRS,n,2.0NRT,293.04,1.09,N
24.68952,73.00175,308.21,0.39,0.36,2026-08-30,2057,N,VIIRS,n,2.0NRT,292.27,1.08,N
25.9433,72.19072,329.62,0.4,0.37,2026-08-30,2057,N,VIIRS,n,2.0NRT,294.95,2.98,N
25.94431,72.19051,325.37,0.4,0.37,2026-08-30,2057,N,VIIRS,n,2.0NRT,295.03,2.14,N
26.60605,73.68385,305.13,0.38,0.36,2026-08-30,2057,N,VIIRS,n,2.0NRT,292.92,0.71,N
26.87274,73.51597,306.77,0.39,0.36,2026-08-30,2057,N,VIIRS,n,2.0NRT,293.13,1.35,N
26.87605,73.51661,309.34,0.39,0.36,2026-08-30,2057,N,VIIRS,n,2.0NRT,293.23,1.26,N
26.87664,73.51275,304.99,0.39,0.36,2026-08-30,2057,N,VIIRS,n,2.0NRT,292.77,1.39,N
27.66868,76.13271,296.11,0.41,0.37,2026-08-30,2057,N,VIIRS,n,2.0NRT,276.77,0.32,N
27.66938,76.12862,299.11,0.41,0.37,2026-08-30,2057,N,VIIRS,n,2.0NRT,279.78,0.32,N
28.35198,70.13081,307.1,0.5,0.41,2026-08-30,2057,N,VIIRS,n,2.0NRT,296.83,0.75,N
28.74306,76.92912,316.04,0.42,0.38,2026-08-30,2057,N,VIIRS,n,2.0NRT,291.02,1.91,N
29.45914,76.89161,316.03,0.41,0.37,2026-08-30,2057,N,VIIRS,n,2.0NRT,292.1,3.18,N
29.4759,76.85623,311.77,0.41,0.37,2026-08-30,2057,N,VIIRS,n,2.0NRT,289.97,2.28,N
20.35619,72.94963,305.96,0.39,0.36,2026-08-30,2059,N,VIIRS,n,2.0NRT,291.96,1.84,N
21.10102,72.63954,295.93,0.38,0.36,2026-08-30,2059,N,VIIRS,n,2.0NRT,281.97,0.49,N
21.1016,72.63586,315.23,0.38,0.36,2026-08-30,2059,N,VIIRS,n,2.0NRT,282.26,1.65,N
21.26307,72.94081,312.03,0.38,0.36,2026-08-30,2059,N,VIIRS,n,2.0NRT,293.36,2.1,N
21.79665,72.08905,308.36,0.39,0.36,2026-08-30,2059,N,VIIRS,n,2.0NRT,292.6,1.45,N
28.12977,76.78864,335.41,0.39,0.36,2026-08-31,813,N,VIIRS,n,2.0NRT,296.53,2.37,D
31.1293,74.65489,341.05,0.39,0.36,2026-08-31,813,N,VIIRS,n,2.0NRT,298.33,4.79,D
31.3222,72.33394,341.28,0.43,0.38,2026-08-31,813,N,VIIRS,n,2.0NRT,301.15,8.52,D
31.37494,74.45004,346.78,0.39,0.36,2026-08-31,813,N,VIIRS,n,2.0NRT,300.46,6.1,D
28.34651,77.2308,309.35,0.41,0.37,2026-08-31,2038,N,VIIRS,n,2.0NRT,291.76,1.97,N
28.37152,77.22688,323.5,0.41,0.37,2026-08-31,2038,N,VIIRS,n,2.0NRT,289.42,1.55,N
29.4606,76.88784,308.38,0.43,0.38,2026-08-31,2038,N,VIIRS,n,2.0NRT,292.7,2.34,N
29.47525,76.859,314.13,0.43,0.38,2026-08-31,2038,N,VIIRS,n,2.0NRT,292.51,2.78,N
32.5747,72.56332,308.45,0.5,0.49,2026-08-31,2038,N,VIIRS,n,2.0NRT,292.32,3.15,N
32.8878,71.61481,307.36,0.57,0.52,2026-08-31,2038,N,VIIRS,n,2.0NRT,292.4,3.59,N
32.88905,71.61505,307.79,0.57,0.52,2026-08-31,2038,N,VIIRS,n,2.0NRT,292.31,3.29,N
21.10513,72.64378,330.75,0.54,0.42,2026-08-31,2040,N,VIIRS,n,2.0NRT,287.66,5.89,N
21.10902,72.64436,299.5,0.54,0.42,2026-08-31,2040,N,VIIRS,n,2.0NRT,284.52,1.6,N
22.3858,73.11745,305.2,0.53,0.42,2026-08-31,2040,N,VIIRS,n,2.0NRT,282.63,1.11,N
22.3882,73.11613,321.54,0.53,0.42,2026-08-31,2040,N,VIIRS,n,2.0NRT,282.49,2.6,N
22.38964,73.11803,318.73,0.53,0.42,2026-08-31,2040,N,VIIRS,n,2.0NRT,282.32,1.41,N
24.76271,74.60774,306.91,0.47,0.4,2026-08-31,2040,N,VIIRS,n,2.0NRT,281.39,1.26,N
24.76335,74.60571,303.34,0.47,0.4,2026-08-31,2040,N,VIIRS,n,2.0NRT,280.61,0.71,N
30.67169,73.90612,334.61,0.41,0.45,2026-09-01,756,N,VIIRS,n,2.0NRT,294.93,3.03,D
32.2988,73.30443,331.8,0.41,0.45,2026-09-01,756,N,VIIRS,n,2.0NRT,294.81,2.61,D
